model,quantile,market,offered_volume_mwh,offered_capacity_mw,awarded_volume_mwh,awarded_capacity_mw,executed_volume_mwh,non_executed_volume_mwh,execution_ratio,expected_revenue_eur,realized_revenue_eur,missed_profitable_execution_eur,avoided_unprofitable_execution_eur,net_execution_effect_eur,data_status,offered_column_used,executed_column_used,realized_revenue_column_used
RLQR,p10,DA,371.5,,347.2416945356077,,347.2416945356077,24.258305464392322,0.9347017349545295,,5027.207147740728,,,,available,da_bid_abs_mwh_total,da_realized_abs_mwh_total,da_net_revenue_eur
RLQR,p10,ID,4.72563765517108,,4.72563765517108,,4.72563765517108,0.0,1.0,,-639.4260311211989,,,,available,id_abs_mwh_total,id_abs_mwh_total,id_net_revenue_eur
RLQR,p10,BCM,,2.8161312371838685,,0.0,,,0.0,,36336.131181198114,,,,available,bcm_bid_capacity_abs_mw_mean,bcm_realized_capacity_abs_mw_mean,bcm_capacity_revenue_eur
RLQR,p10,BEM,2681.0,,,,12.021438891004536,2668.9785611089956,0.004483938415145295,,21429.687595505755,,,,available,bem_bid_abs_mwh_total,bem_realized_abs_mwh_total,bem_net_revenue_eur
RLQR,p30,DA,647.8,,607.6965843630946,,607.6965843630946,40.10341563690531,0.9380929057781641,,8328.293642133489,,,,available,da_bid_abs_mwh_total,da_realized_abs_mwh_total,da_net_revenue_eur
RLQR,p30,ID,0.0,,0.0,,0.0,0.0,,,0.0,,,,available,id_abs_mwh_total,id_abs_mwh_total,id_net_revenue_eur
RLQR,p30,BCM,,5.12987012987013,,0.0,,,0.0,,26737.286208215715,,,,available,bcm_bid_capacity_abs_mw_mean,bcm_realized_capacity_abs_mw_mean,bcm_capacity_revenue_eur
RLQR,p30,BEM,8197.0,,,,29.937451446750025,8167.06254855325,0.003652244900176897,,52210.231476772504,,,,available,bem_bid_abs_mwh_total,bem_realized_abs_mwh_total,bem_net_revenue_eur
RLQR,p50,DA,691.0999999999999,,652.9418399995053,,652.9418399995053,38.158160000494604,0.9447863406156929,,4453.629818104728,,,,available,da_bid_abs_mwh_total,da_realized_abs_mwh_total,da_net_revenue_eur
RLQR,p50,ID,0.9446037573321368,,0.9446037573321368,,0.9446037573321368,0.0,1.0,,-127.81433440461144,,,,available,id_abs_mwh_total,id_abs_mwh_total,id_net_revenue_eur
RLQR,p50,BCM,,7.251537935748463,,0.0,,,0.0,,29131.93075634003,,,,available,bcm_bid_capacity_abs_mw_mean,bcm_realized_capacity_abs_mw_mean,bcm_capacity_revenue_eur
RLQR,p50,BEM,11824.0,,,,38.40254293278989,11785.59745706721,0.003247847000405099,,67083.14767628313,,,,available,bem_bid_abs_mwh_total,bem_realized_abs_mwh_total,bem_net_revenue_eur
RLQR,p70,DA,751.8000000000001,,695.24524879945,,695.24524879945,56.55475120055007,0.9247742069692072,,1674.6381321749975,,,,available,da_bid_abs_mwh_total,da_realized_abs_mwh_total,da_net_revenue_eur
RLQR,p70,ID,0.0,,0.0,,0.0,0.0,,,0.0,,,,available,id_abs_mwh_total,id_abs_mwh_total,id_net_revenue_eur
RLQR,p70,BCM,,7.523581681476419,,0.0,,,0.0,,7033.922463085175,,,,available,bcm_bid_capacity_abs_mw_mean,bcm_realized_capacity_abs_mw_mean,bcm_capacity_revenue_eur
RLQR,p70,BEM,11117.0,,,,35.77743053802391,11081.222569461976,0.003218263068995584,,61281.45894426327,,,,available,bem_bid_abs_mwh_total,bem_realized_abs_mwh_total,bem_net_revenue_eur
RLQR,p90,DA,722.8,,675.5362625604048,,675.5362625604048,47.26373743959516,0.9346102138356459,,3071.4139603164003,,,,available,da_bid_abs_mwh_total,da_realized_abs_mwh_total,da_net_revenue_eur
RLQR,p90,ID,0.8692231988741365,,0.8692231988741365,,0.8692231988741365,0.0,1.0,,-117.6145910396594,,,,available,id_abs_mwh_total,id_abs_mwh_total,id_net_revenue_eur
RLQR,p90,BCM,,9.94395078605605,,0.0,,,0.0,,2858.5200807838446,,,,available,bcm_bid_capacity_abs_mw_mean,bcm_realized_capacity_abs_mw_mean,bcm_capacity_revenue_eur
RLQR,p90,BEM,14668.0,,,,44.00030373623332,14623.999696263767,0.002999748004924551,,75205.40436711998,,,,available,bem_bid_abs_mwh_total,bem_realized_abs_mwh_total,bem_net_revenue_eur
TFT,p10,DA,433.9,,416.3413126598862,,416.3413126598862,17.55868734011375,0.9595328708455548,,23262.001209137332,,,,available,da_bid_abs_mwh_total,da_realized_abs_mwh_total,da_net_revenue_eur
TFT,p10,ID,8.464214187835985,,8.464214187835985,,8.464214187835985,0.0,1.0,,-1145.2928217560873,,,,available,id_abs_mwh_total,id_abs_mwh_total,id_net_revenue_eur
TFT,p10,BCM,,2.7464114832535884,,0.0,,,0.0,,14056.564777807238,,,,available,bcm_bid_capacity_abs_mw_mean,bcm_realized_capacity_abs_mw_mean,bcm_capacity_revenue_eur
TFT,p10,BEM,3597.0,,,,11.81279647211464,3585.1872035278852,0.003284069077596508,,20999.206883164705,,,,available,bem_bid_abs_mwh_total,bem_realized_abs_mwh_total,bem_net_revenue_eur
TFT,p30,DA,433.2,,387.10886078627505,,387.10886078627505,46.091139213724944,0.8936030950745039,,18006.405446255747,,,,available,da_bid_abs_mwh_total,da_realized_abs_mwh_total,da_net_revenue_eur
TFT,p30,ID,3.184159783447034,,3.184159783447034,,3.184159783447034,0.0,1.0,,-430.8486602982182,,,,available,id_abs_mwh_total,id_abs_mwh_total,id_net_revenue_eur
TFT,p30,BCM,,8.794258373205743,,0.0,,,0.0,,18774.49444480133,,,,available,bcm_bid_capacity_abs_mw_mean,bcm_realized_capacity_abs_mw_mean,bcm_capacity_revenue_eur
TFT,p30,BEM,14014.0,,,,40.643385660418375,13973.356614339582,0.0029001987769672025,,75069.89076455159,,,,available,bem_bid_abs_mwh_total,bem_realized_abs_mwh_total,bem_net_revenue_eur
TFT,p50,DA,593.1,,564.1947638465801,,564.1947638465801,28.905236153419878,0.951264144067746,,30757.418967268568,,,,available,da_bid_abs_mwh_total,da_realized_abs_mwh_total,da_net_revenue_eur
TFT,p50,ID,2.45748003125189,,2.45748003125189,,2.45748003125189,0.0,1.0,,-332.5216230286932,,,,available,id_abs_mwh_total,id_abs_mwh_total,id_net_revenue_eur
TFT,p50,BCM,,8.617224880382775,,0.0,,,0.0,,4993.410871047974,,,,available,bcm_bid_capacity_abs_mw_mean,bcm_realized_capacity_abs_mw_mean,bcm_capacity_revenue_eur
TFT,p50,BEM,13079.0,,,,40.82846733174376,13038.171532668257,0.003121681117191204,,75190.23666528938,,,,available,bem_bid_abs_mwh_total,bem_realized_abs_mwh_total,bem_net_revenue_eur
TFT,p70,DA,542.7,,513.1073791978764,,513.1073791978764,29.592620802123633,0.9454714929019281,,28527.16380984024,,,,available,da_bid_abs_mwh_total,da_realized_abs_mwh_total,da_net_revenue_eur
TFT,p70,ID,2.903361970561867,,2.903361970561867,,2.903361970561867,0.0,1.0,,-392.8539082367262,,,,available,id_abs_mwh_total,id_abs_mwh_total,id_net_revenue_eur
TFT,p70,BCM,,8.992481203007518,,0.0,,,0.0,,6469.324841911315,,,,available,bcm_bid_capacity_abs_mw_mean,bcm_realized_capacity_abs_mw_mean,bcm_capacity_revenue_eur
TFT,p70,BEM,13553.0,,,,42.65067989774002,13510.34932010226,0.0031469549101852,,76852.61542939671,,,,available,bem_bid_abs_mwh_total,bem_realized_abs_mwh_total,bem_net_revenue_eur
TFT,p90,DA,567.5,,548.4400335264687,,548.4400335264687,19.05996647353129,0.9664141559937774,,28863.073502895684,,,,available,da_bid_abs_mwh_total,da_realized_abs_mwh_total,da_net_revenue_eur
TFT,p90,ID,2.5154740567257483,,2.5154740567257483,,2.5154740567257483,0.0,1.0,,-340.368794615561,,,,available,id_abs_mwh_total,id_abs_mwh_total,id_net_revenue_eur
TFT,p90,BCM,,10.816814764183183,,0.0,,,0.0,,30550.558920379644,,,,available,bcm_bid_capacity_abs_mw_mean,bcm_realized_capacity_abs_mw_mean,bcm_capacity_revenue_eur
TFT,p90,BEM,16160.0,,,,54.646142582237985,16105.353857417762,0.0033815682290988854,,100202.76297840834,,,,available,bem_bid_abs_mwh_total,bem_realized_abs_mwh_total,bem_net_revenue_eur
XGB,p10,DA,331.0,,284.5248313983994,,284.5248313983994,46.475168601600615,0.8595916356447111,,17157.575016616735,,,,available,da_bid_abs_mwh_total,da_realized_abs_mwh_total,da_net_revenue_eur
XGB,p10,ID,0.0,,0.0,,0.0,0.0,,,0.0,,,,available,id_abs_mwh_total,id_abs_mwh_total,id_net_revenue_eur
XGB,p10,BCM,,6.817498291182503,,0.0,,,0.0,,14912.826968109131,,,,available,bcm_bid_capacity_abs_mw_mean,bcm_realized_capacity_abs_mw_mean,bcm_capacity_revenue_eur
XGB,p10,BEM,10679.0,,,,44.28554678508431,10634.714453214916,0.004146975071175607,,75999.27593765603,,,,available,bem_bid_abs_mwh_total,bem_realized_abs_mwh_total,bem_net_revenue_eur
XGB,p30,DA,402.0,,354.22105088163363,,354.22105088163363,47.77894911836637,0.8811468927403822,,18185.163972738417,,,,available,da_bid_abs_mwh_total,da_realized_abs_mwh_total,da_net_revenue_eur
XGB,p30,ID,5.310622564478745,,5.310622564478745,,5.310622564478745,0.0,1.0,,-718.580339199619,,,,available,id_abs_mwh_total,id_abs_mwh_total,id_net_revenue_eur
XGB,p30,BCM,,8.530416951469583,,0.0,,,0.0,,26827.267616976733,,,,available,bcm_bid_capacity_abs_mw_mean,bcm_realized_capacity_abs_mw_mean,bcm_capacity_revenue_eur
XGB,p30,BEM,13618.0,,,,58.507182948575384,13559.492817051425,0.004296312450328637,,103815.42070638228,,,,available,bem_bid_abs_mwh_total,bem_realized_abs_mwh_total,bem_net_revenue_eur
XGB,p50,DA,441.1,,379.7424587095058,,379.7424587095058,61.357541290494225,0.8608987955327722,,21893.16653541199,,,,available,da_bid_abs_mwh_total,da_realized_abs_mwh_total,da_net_revenue_eur
XGB,p50,ID,8.464214187835985,,8.464214187835985,,8.464214187835985,0.0,1.0,,-1145.2928217560873,,,,available,id_abs_mwh_total,id_abs_mwh_total,id_net_revenue_eur
XGB,p50,BCM,,9.555023923444978,,0.0,,,0.0,,19598.697262840273,,,,available,bcm_bid_capacity_abs_mw_mean,bcm_realized_capacity_abs_mw_mean,bcm_capacity_revenue_eur
XGB,p50,BEM,14677.0,,,,59.86576495797367,14617.134235042025,0.004078882943242738,,103533.52696968908,,,,available,bem_bid_abs_mwh_total,bem_realized_abs_mwh_total,bem_net_revenue_eur
XGB,p70,DA,385.4,,324.1537985907198,,324.1537985907198,61.24620140928016,0.8410840648435907,,17480.622363341798,,,,available,da_bid_abs_mwh_total,da_realized_abs_mwh_total,da_net_revenue_eur
XGB,p70,ID,7.31055214473608,,7.31055214473608,,7.31055214473608,0.0,1.0,,-989.190810704239,,,,available,id_abs_mwh_total,id_abs_mwh_total,id_net_revenue_eur
XGB,p70,BCM,,10.088174982911823,,0.0,,,0.0,,9272.760715148926,,,,available,bcm_bid_capacity_abs_mw_mean,bcm_realized_capacity_abs_mw_mean,bcm_capacity_revenue_eur
XGB,p70,BEM,15144.0,,,,60.59504162232464,15083.404958377676,0.004001257370729309,,106352.4137881235,,,,available,bem_bid_abs_mwh_total,bem_realized_abs_mwh_total,bem_net_revenue_eur
XGB,p90,DA,403.5,,361.80373875446656,,361.80373875446656,41.696261245533435,0.8966635409032628,,20312.932230455463,,,,available,da_bid_abs_mwh_total,da_realized_abs_mwh_total,da_net_revenue_eur
XGB,p90,ID,5.19951536557556,,5.19951536557556,,5.19951536557556,0.0,1.0,,-703.546424116029,,,,available,id_abs_mwh_total,id_abs_mwh_total,id_net_revenue_eur
XGB,p90,BCM,,9.94941900205058,,0.0,,,0.0,,21093.821603271488,,,,available,bcm_bid_capacity_abs_mw_mean,bcm_realized_capacity_abs_mw_mean,bcm_capacity_revenue_eur
XGB,p90,BEM,14915.0,,,,63.419617728146186,14851.580382271854,0.004252069576141213,,110683.40789565197,,,,available,bem_bid_abs_mwh_total,bem_realized_abs_mwh_total,bem_net_revenue_eur
