model,quantile,tail_event_type,target_family,direction,tail_side,column_used,candidate_columns,threshold_used,n_periods,n_tail_days,model_profit_in_tail_periods,benchmark_profit_in_tail_periods,tail_regret_eur,tail_regret_share_of_total_regret,non_tail_regret_eur,data_status
RLQR,p10,DA price high tail,da_price,none,high,,realized_da_price_eur_per_mwh; da_price; price_da; target_da_price,,,,,,,,,missing_tail_column
RLQR,p10,DA price low tail,da_price,none,low,,realized_da_price_eur_per_mwh; da_price; price_da; target_da_price,,,,,,,,,missing_tail_column
RLQR,p10,aFRR capacity price + high tail,afrr_capacity_price,pos,high,real_bcm_settlement_capacity_price_resolved_pos_eur_per_mw_h,realized_capacity_price_pos; realized_afrr_capacity_price_pos; afrr_capacity_price_pos; capacity_price_pos; target_afrr_capacity_price_pos; real_bcm_settlement_capacity_price_resolved_pos_eur_per_mw_h,11.316015222549439,76.0,11.0,20037.45395665396,0.0,-20037.45395665396,0.2799243264197929,-51544.22746750522,available_daily_overlap
RLQR,p10,aFRR capacity price - high tail,afrr_capacity_price,neg,high,real_bcm_settlement_capacity_price_resolved_neg_eur_per_mw_h,realized_capacity_price_neg; realized_afrr_capacity_price_neg; afrr_capacity_price_neg; capacity_price_neg; target_afrr_capacity_price_neg; real_bcm_settlement_capacity_price_resolved_neg_eur_per_mw_h,38.31226709938049,76.0,17.0,38420.956321380174,0.0,-38420.956321380174,0.5367428587450435,-33160.725102779004,available_daily_overlap
RLQR,p10,aFRR activation price + high tail,afrr_activation_price,pos,high,real_bem_submitted_activation_price_pos_eur_per_mwh,realized_activation_price_pos; realized_afrr_activation_price_pos; afrr_activation_price_pos; real_act_price_pos; target_afrr_activation_price_vwap_pos; real_bem_submitted_activation_price_pos_eur_per_mwh; real_bcm_true_activation_price_pos; real_bcm_p50_executed_act_pos_price_eur_mwh,1344.8106879301308,74.0,25.0,26013.893271389246,0.0,-26013.893271389246,0.3634155101392942,-45567.788152769936,available_daily_overlap
RLQR,p10,aFRR activation price - high tail,afrr_activation_price,neg,high,real_bem_submitted_activation_price_neg_eur_per_mwh,realized_activation_price_neg; realized_afrr_activation_price_neg; afrr_activation_price_neg; real_act_price_neg; target_afrr_activation_price_vwap_neg; real_bem_submitted_activation_price_neg_eur_per_mwh; real_bcm_true_activation_price_neg; real_bcm_p50_executed_act_neg_price_eur_mwh,1314.2000215717173,74.0,30.0,42761.44972469887,0.0,-42761.44972469887,0.5973797887103929,-28820.23169946031,available_daily_overlap
RLQR,p10,aFRR activation rate + high tail,afrr_activation_rate,pos,high,da_precommit_da_settlement_equiv_replay_act_pos_rate,realized_activation_rate_pos; realized_afrr_activation_rate_pos; afrr_activation_rate_pos; act_pos_rate; real_act_rate_pos; target_afrr_activation_rate_pos; da_precommit_da_settlement_equiv_replay_act_pos_rate,0.01592887195929444,72.0,19.0,27820.7899558205,0.0,-27820.7899558205,0.388657955531495,-43760.89146833868,available_daily_overlap
RLQR,p10,aFRR activation rate - high tail,afrr_activation_rate,neg,high,da_precommit_da_settlement_equiv_replay_act_neg_rate,realized_activation_rate_neg; realized_afrr_activation_rate_neg; afrr_activation_rate_neg; act_neg_rate; real_act_rate_neg; target_afrr_activation_rate_neg; da_precommit_da_settlement_equiv_replay_act_neg_rate,0.014205556560117972,72.0,16.0,20874.653598051667,0.0,-20874.653598051667,0.291620051146303,-50707.027826107515,available_daily_overlap
RLQR,p30,DA price high tail,da_price,none,high,,realized_da_price_eur_per_mwh; da_price; price_da; target_da_price,,,,,,,,,missing_tail_column
RLQR,p30,DA price low tail,da_price,none,low,,realized_da_price_eur_per_mwh; da_price; price_da; target_da_price,,,,,,,,,missing_tail_column
RLQR,p30,aFRR capacity price + high tail,afrr_capacity_price,pos,high,real_bcm_settlement_capacity_price_resolved_pos_eur_per_mw_h,realized_capacity_price_pos; realized_afrr_capacity_price_pos; afrr_capacity_price_pos; capacity_price_pos; target_afrr_capacity_price_pos; real_bcm_settlement_capacity_price_resolved_pos_eur_per_mw_h,1.1127682228088378,76.0,14.0,40725.52137092349,0.0,-40725.52137092349,0.5142577976156861,-38467.2911829046,available_daily_overlap
RLQR,p30,aFRR capacity price - high tail,afrr_capacity_price,neg,high,real_bcm_settlement_capacity_price_resolved_neg_eur_per_mw_h,realized_capacity_price_neg; realized_afrr_capacity_price_neg; afrr_capacity_price_neg; capacity_price_neg; target_afrr_capacity_price_neg; real_bcm_settlement_capacity_price_resolved_neg_eur_per_mw_h,32.60434370613098,76.0,13.0,38468.71813921117,0.0,-38468.71813921117,0.48576022114460987,-40724.09441461692,available_daily_overlap
RLQR,p30,aFRR activation price + high tail,afrr_activation_price,pos,high,real_bem_submitted_activation_price_pos_eur_per_mwh,realized_activation_price_pos; realized_afrr_activation_price_pos; afrr_activation_price_pos; real_act_price_pos; target_afrr_activation_price_vwap_pos; real_bem_submitted_activation_price_pos_eur_per_mwh; real_bcm_true_activation_price_pos; real_bcm_p50_executed_act_pos_price_eur_mwh,1691.3461961577575,74.0,25.0,44450.8415771143,0.0,-44450.8415771143,0.5612989379168803,-34741.97097671379,available_daily_overlap
RLQR,p30,aFRR activation price - high tail,afrr_activation_price,neg,high,real_bem_submitted_activation_price_neg_eur_per_mwh,realized_activation_price_neg; realized_afrr_activation_price_neg; afrr_activation_price_neg; real_act_price_neg; target_afrr_activation_price_vwap_neg; real_bem_submitted_activation_price_neg_eur_per_mwh; real_bcm_true_activation_price_neg; real_bcm_p50_executed_act_neg_price_eur_mwh,1635.0953712171456,74.0,24.0,40257.185598907396,0.0,-40257.185598907396,0.5083439304740467,-38935.62695492069,available_daily_overlap
RLQR,p30,aFRR activation rate + high tail,afrr_activation_rate,pos,high,da_precommit_da_settlement_equiv_replay_act_pos_rate,realized_activation_rate_pos; realized_afrr_activation_rate_pos; afrr_activation_rate_pos; act_pos_rate; real_act_rate_pos; target_afrr_activation_rate_pos; da_precommit_da_settlement_equiv_replay_act_pos_rate,0.014851135883326897,72.0,22.0,31581.533798421944,0.0,-31581.533798421944,0.398792930570002,-47611.27875540614,available_daily_overlap
RLQR,p30,aFRR activation rate - high tail,afrr_activation_rate,neg,high,da_precommit_da_settlement_equiv_replay_act_neg_rate,realized_activation_rate_neg; realized_afrr_activation_rate_neg; afrr_activation_rate_neg; act_neg_rate; real_act_rate_neg; target_afrr_activation_rate_neg; da_precommit_da_settlement_equiv_replay_act_neg_rate,0.01359930174592532,72.0,19.0,30136.764407395178,0.0,-30136.764407395178,0.38054923717870154,-49056.048146432906,available_daily_overlap
RLQR,p50,DA price high tail,da_price,none,high,,realized_da_price_eur_per_mwh; da_price; price_da; target_da_price,,,,,,,,,missing_tail_column
RLQR,p50,DA price low tail,da_price,none,low,,realized_da_price_eur_per_mwh; da_price; price_da; target_da_price,,,,,,,,,missing_tail_column
RLQR,p50,aFRR capacity price + high tail,afrr_capacity_price,pos,high,real_bcm_settlement_capacity_price_resolved_pos_eur_per_mw_h,realized_capacity_price_pos; realized_afrr_capacity_price_pos; afrr_capacity_price_pos; capacity_price_pos; target_afrr_capacity_price_pos; real_bcm_settlement_capacity_price_resolved_pos_eur_per_mw_h,0.0,1463.0,62.0,93509.54213812409,0.0,-93509.54213812409,1.0,0.0,available_daily_overlap
RLQR,p50,aFRR capacity price - high tail,afrr_capacity_price,neg,high,real_bcm_settlement_capacity_price_resolved_neg_eur_per_mw_h,realized_capacity_price_neg; realized_afrr_capacity_price_neg; afrr_capacity_price_neg; capacity_price_neg; target_afrr_capacity_price_neg; real_bcm_settlement_capacity_price_resolved_neg_eur_per_mw_h,27.797382793426515,76.0,18.0,52242.819625666685,0.0,-52242.819625666685,0.5586897169114375,-41266.7225124574,available_daily_overlap
RLQR,p50,aFRR activation price + high tail,afrr_activation_price,pos,high,real_bem_submitted_activation_price_pos_eur_per_mwh,realized_activation_price_pos; realized_afrr_activation_price_pos; afrr_activation_price_pos; real_act_price_pos; target_afrr_activation_price_vwap_pos; real_bem_submitted_activation_price_pos_eur_per_mwh; real_bcm_true_activation_price_pos; real_bcm_p50_executed_act_pos_price_eur_mwh,1889.8797250454086,74.0,17.0,25401.646733784226,0.0,-25401.646733784226,0.2716476431492215,-68107.89540433986,available_daily_overlap
RLQR,p50,aFRR activation price - high tail,afrr_activation_price,neg,high,real_bem_submitted_activation_price_neg_eur_per_mwh,realized_activation_price_neg; realized_afrr_activation_price_neg; afrr_activation_price_neg; real_act_price_neg; target_afrr_activation_price_vwap_neg; real_bem_submitted_activation_price_neg_eur_per_mwh; real_bcm_true_activation_price_neg; real_bcm_p50_executed_act_neg_price_eur_mwh,1749.020767961232,74.0,21.0,32846.76799685348,0.0,-32846.76799685348,0.3512664830326633,-60662.77414127061,available_daily_overlap
RLQR,p50,aFRR activation rate + high tail,afrr_activation_rate,pos,high,da_precommit_da_settlement_equiv_replay_act_pos_rate,realized_activation_rate_pos; realized_afrr_activation_rate_pos; afrr_activation_rate_pos; act_pos_rate; real_act_rate_pos; target_afrr_activation_rate_pos; da_precommit_da_settlement_equiv_replay_act_pos_rate,0.013593721233154905,72.0,26.0,33751.38784086063,0.0,-33751.38784086063,0.3609405742892639,-59758.154297263456,available_daily_overlap
RLQR,p50,aFRR activation rate - high tail,afrr_activation_rate,neg,high,da_precommit_da_settlement_equiv_replay_act_neg_rate,realized_activation_rate_neg; realized_afrr_activation_rate_neg; afrr_activation_rate_neg; act_neg_rate; real_act_rate_neg; target_afrr_activation_rate_neg; da_precommit_da_settlement_equiv_replay_act_neg_rate,0.011797542497631234,72.0,24.0,32982.64003724808,0.0,-32982.64003724808,0.35271951164651216,-60526.90210087601,available_daily_overlap
RLQR,p70,DA price high tail,da_price,none,high,,realized_da_price_eur_per_mwh; da_price; price_da; target_da_price,,,,,,,,,missing_tail_column
RLQR,p70,DA price low tail,da_price,none,low,,realized_da_price_eur_per_mwh; da_price; price_da; target_da_price,,,,,,,,,missing_tail_column
RLQR,p70,aFRR capacity price + high tail,afrr_capacity_price,pos,high,real_bcm_settlement_capacity_price_resolved_pos_eur_per_mw_h,realized_capacity_price_pos; realized_afrr_capacity_price_pos; afrr_capacity_price_pos; capacity_price_pos; target_afrr_capacity_price_pos; real_bcm_settlement_capacity_price_resolved_pos_eur_per_mw_h,0.0,1463.0,62.0,56098.649836436,0.0,-56098.649836436,1.0,0.0,available_daily_overlap
RLQR,p70,aFRR capacity price - high tail,afrr_capacity_price,neg,high,real_bcm_settlement_capacity_price_resolved_neg_eur_per_mw_h,realized_capacity_price_neg; realized_afrr_capacity_price_neg; afrr_capacity_price_neg; capacity_price_neg; target_afrr_capacity_price_neg; real_bcm_settlement_capacity_price_resolved_neg_eur_per_mw_h,0.0,1463.0,62.0,56098.649836436,0.0,-56098.649836436,1.0,0.0,available_daily_overlap
RLQR,p70,aFRR activation price + high tail,afrr_activation_price,pos,high,real_bem_submitted_activation_price_pos_eur_per_mwh,realized_activation_price_pos; realized_afrr_activation_price_pos; afrr_activation_price_pos; real_act_price_pos; target_afrr_activation_price_vwap_pos; real_bem_submitted_activation_price_pos_eur_per_mwh; real_bcm_true_activation_price_pos; real_bcm_p50_executed_act_pos_price_eur_mwh,1846.7574368316723,74.0,21.0,16748.307749461786,0.0,-16748.307749461786,0.2985509954035254,-39350.34208697421,available_daily_overlap
RLQR,p70,aFRR activation price - high tail,afrr_activation_price,neg,high,real_bem_submitted_activation_price_neg_eur_per_mwh,realized_activation_price_neg; realized_afrr_activation_price_neg; afrr_activation_price_neg; real_act_price_neg; target_afrr_activation_price_vwap_neg; real_bem_submitted_activation_price_neg_eur_per_mwh; real_bcm_true_activation_price_neg; real_bcm_p50_executed_act_neg_price_eur_mwh,1714.9864048466209,74.0,20.0,16051.89699379327,0.0,-16051.89699379327,0.28613695767357994,-40046.75284264273,available_daily_overlap
RLQR,p70,aFRR activation rate + high tail,afrr_activation_rate,pos,high,da_precommit_da_settlement_equiv_replay_act_pos_rate,realized_activation_rate_pos; realized_afrr_activation_rate_pos; afrr_activation_rate_pos; act_pos_rate; real_act_rate_pos; target_afrr_activation_rate_pos; da_precommit_da_settlement_equiv_replay_act_pos_rate,0.014215786412204874,72.0,26.0,19127.177282505356,0.0,-19127.177282505356,0.34095610746913696,-36971.472553930646,available_daily_overlap
RLQR,p70,aFRR activation rate - high tail,afrr_activation_rate,neg,high,da_precommit_da_settlement_equiv_replay_act_neg_rate,realized_activation_rate_neg; realized_afrr_activation_rate_neg; afrr_activation_rate_neg; act_neg_rate; real_act_rate_neg; target_afrr_activation_rate_neg; da_precommit_da_settlement_equiv_replay_act_neg_rate,0.012410213576439991,72.0,20.0,9682.25408508159,0.0,-9682.25408508159,0.17259335319676405,-46416.395751354416,available_daily_overlap
RLQR,p90,DA price high tail,da_price,none,high,,realized_da_price_eur_per_mwh; da_price; price_da; target_da_price,,,,,,,,,missing_tail_column
RLQR,p90,DA price low tail,da_price,none,low,,realized_da_price_eur_per_mwh; da_price; price_da; target_da_price,,,,,,,,,missing_tail_column
RLQR,p90,aFRR capacity price + high tail,afrr_capacity_price,pos,high,real_bcm_settlement_capacity_price_resolved_pos_eur_per_mw_h,realized_capacity_price_pos; realized_afrr_capacity_price_pos; afrr_capacity_price_pos; capacity_price_pos; target_afrr_capacity_price_pos; real_bcm_settlement_capacity_price_resolved_pos_eur_per_mw_h,0.0,1463.0,62.0,66655.0131212818,0.0,-66655.0131212818,1.0,0.0,available_daily_overlap
RLQR,p90,aFRR capacity price - high tail,afrr_capacity_price,neg,high,real_bcm_settlement_capacity_price_resolved_neg_eur_per_mw_h,realized_capacity_price_neg; realized_afrr_capacity_price_neg; afrr_capacity_price_neg; capacity_price_neg; target_afrr_capacity_price_neg; real_bcm_settlement_capacity_price_resolved_neg_eur_per_mw_h,0.0,1463.0,62.0,66655.0131212818,0.0,-66655.0131212818,1.0,0.0,available_daily_overlap
RLQR,p90,aFRR activation price + high tail,afrr_activation_price,pos,high,real_bem_submitted_activation_price_pos_eur_per_mwh,realized_activation_price_pos; realized_afrr_activation_price_pos; afrr_activation_price_pos; real_act_price_pos; target_afrr_activation_price_vwap_pos; real_bem_submitted_activation_price_pos_eur_per_mwh; real_bcm_true_activation_price_pos; real_bcm_p50_executed_act_pos_price_eur_mwh,1860.8649297469783,74.0,22.0,27964.133194082027,0.0,-27964.133194082027,0.41953533402206417,-38690.87992719977,available_daily_overlap
RLQR,p90,aFRR activation price - high tail,afrr_activation_price,neg,high,real_bem_submitted_activation_price_neg_eur_per_mwh,realized_activation_price_neg; realized_afrr_activation_price_neg; afrr_activation_price_neg; real_act_price_neg; target_afrr_activation_price_vwap_neg; real_bem_submitted_activation_price_neg_eur_per_mwh; real_bcm_true_activation_price_neg; real_bcm_p50_executed_act_neg_price_eur_mwh,1798.3267615064515,74.0,20.0,18745.194694209993,0.0,-18745.194694209993,0.2812270798012187,-47909.818427071805,available_daily_overlap
RLQR,p90,aFRR activation rate + high tail,afrr_activation_rate,pos,high,da_precommit_da_settlement_equiv_replay_act_pos_rate,realized_activation_rate_pos; realized_afrr_activation_rate_pos; afrr_activation_rate_pos; act_pos_rate; real_act_rate_pos; target_afrr_activation_rate_pos; da_precommit_da_settlement_equiv_replay_act_pos_rate,0.013956604927624834,72.0,25.0,18404.71626205075,0.0,-18404.71626205075,0.2761190104120532,-48250.29685923104,available_daily_overlap
RLQR,p90,aFRR activation rate - high tail,afrr_activation_rate,neg,high,da_precommit_da_settlement_equiv_replay_act_neg_rate,realized_activation_rate_neg; realized_afrr_activation_rate_neg; afrr_activation_rate_neg; act_neg_rate; real_act_rate_neg; target_afrr_activation_rate_neg; da_precommit_da_settlement_equiv_replay_act_neg_rate,0.012203812377337588,72.0,20.0,8673.578286182366,0.0,-8673.578286182366,0.1301264208049948,-57981.434835099426,available_daily_overlap
TFT,p10,DA price high tail,da_price,none,high,,realized_da_price_eur_per_mwh; da_price; price_da; target_da_price,,,,,,,,,missing_tail_column
TFT,p10,DA price low tail,da_price,none,low,,realized_da_price_eur_per_mwh; da_price; price_da; target_da_price,,,,,,,,,missing_tail_column
TFT,p10,aFRR capacity price + high tail,afrr_capacity_price,pos,high,real_bcm_settlement_capacity_price_resolved_pos_eur_per_mw_h,realized_capacity_price_pos; realized_afrr_capacity_price_pos; afrr_capacity_price_pos; capacity_price_pos; target_afrr_capacity_price_pos; real_bcm_settlement_capacity_price_resolved_pos_eur_per_mw_h,13.881522844314576,76.0,15.0,18370.538875291473,0.0,-18370.538875291473,0.3517234437562368,-33859.52767672159,available_daily_overlap
TFT,p10,aFRR capacity price - high tail,afrr_capacity_price,neg,high,real_bcm_settlement_capacity_price_resolved_neg_eur_per_mw_h,realized_capacity_price_neg; realized_afrr_capacity_price_neg; afrr_capacity_price_neg; capacity_price_neg; target_afrr_capacity_price_neg; real_bcm_settlement_capacity_price_resolved_neg_eur_per_mw_h,0.0,1463.0,62.0,52230.066552013064,0.0,-52230.066552013064,1.0,0.0,available_daily_overlap
TFT,p10,aFRR activation price + high tail,afrr_activation_price,pos,high,real_bem_submitted_activation_price_pos_eur_per_mwh,realized_activation_price_pos; realized_afrr_activation_price_pos; afrr_activation_price_pos; real_act_price_pos; target_afrr_activation_price_vwap_pos; real_bem_submitted_activation_price_pos_eur_per_mwh; real_bcm_true_activation_price_pos; real_bcm_p50_executed_act_pos_price_eur_mwh,1569.4261584228784,74.0,16.0,17648.735210451494,0.0,-17648.735210451494,0.33790374731527645,-34581.33134156157,available_daily_overlap
TFT,p10,aFRR activation price - high tail,afrr_activation_price,neg,high,real_bem_submitted_activation_price_neg_eur_per_mwh,realized_activation_price_neg; realized_afrr_activation_price_neg; afrr_activation_price_neg; real_act_price_neg; target_afrr_activation_price_vwap_neg; real_bem_submitted_activation_price_neg_eur_per_mwh; real_bcm_true_activation_price_neg; real_bcm_p50_executed_act_neg_price_eur_mwh,1552.1321142341155,74.0,16.0,27525.851565871773,0.0,-27525.851565871773,0.527011611950758,-24704.21498614129,available_daily_overlap
TFT,p10,aFRR activation rate + high tail,afrr_activation_rate,pos,high,da_precommit_da_settlement_equiv_replay_act_pos_rate,realized_activation_rate_pos; realized_afrr_activation_rate_pos; afrr_activation_rate_pos; act_pos_rate; real_act_rate_pos; target_afrr_activation_rate_pos; da_precommit_da_settlement_equiv_replay_act_pos_rate,0.004936109750903584,72.0,21.0,16389.135922835845,0.0,-16389.135922835845,0.3137873834894467,-35840.93062917722,available_daily_overlap
TFT,p10,aFRR activation rate - high tail,afrr_activation_rate,neg,high,da_precommit_da_settlement_equiv_replay_act_neg_rate,realized_activation_rate_neg; realized_afrr_activation_rate_neg; afrr_activation_rate_neg; act_neg_rate; real_act_rate_neg; target_afrr_activation_rate_neg; da_precommit_da_settlement_equiv_replay_act_neg_rate,0.004654289047222399,72.0,13.0,16319.661240481062,0.0,-16319.661240481062,0.3124572170366508,-35910.405311532,available_daily_overlap
TFT,p30,DA price high tail,da_price,none,high,,realized_da_price_eur_per_mwh; da_price; price_da; target_da_price,,,,,,,,,missing_tail_column
TFT,p30,DA price low tail,da_price,none,low,,realized_da_price_eur_per_mwh; da_price; price_da; target_da_price,,,,,,,,,missing_tail_column
TFT,p30,aFRR capacity price + high tail,afrr_capacity_price,pos,high,real_bcm_settlement_capacity_price_resolved_pos_eur_per_mw_h,realized_capacity_price_pos; realized_afrr_capacity_price_pos; afrr_capacity_price_pos; capacity_price_pos; target_afrr_capacity_price_pos; real_bcm_settlement_capacity_price_resolved_pos_eur_per_mw_h,17.87712002182007,76.0,14.0,35448.685675791225,0.0,-35448.685675791225,0.33858423621710587,-69248.11318244308,available_daily_overlap
TFT,p30,aFRR capacity price - high tail,afrr_capacity_price,neg,high,real_bcm_settlement_capacity_price_resolved_neg_eur_per_mw_h,realized_capacity_price_neg; realized_afrr_capacity_price_neg; afrr_capacity_price_neg; capacity_price_neg; target_afrr_capacity_price_neg; real_bcm_settlement_capacity_price_resolved_neg_eur_per_mw_h,0.0,1463.0,62.0,104696.79885823431,0.0,-104696.79885823431,1.0,0.0,available_daily_overlap
TFT,p30,aFRR activation price + high tail,afrr_activation_price,pos,high,real_bem_submitted_activation_price_pos_eur_per_mwh,realized_activation_price_pos; realized_afrr_activation_price_pos; afrr_activation_price_pos; real_act_price_pos; target_afrr_activation_price_vwap_pos; real_bem_submitted_activation_price_pos_eur_per_mwh; real_bcm_true_activation_price_pos; real_bcm_p50_executed_act_pos_price_eur_mwh,1934.105858534442,74.0,9.0,19801.580584490686,0.0,-19801.580584490686,0.18913262678931764,-84895.21827374362,available_daily_overlap
TFT,p30,aFRR activation price - high tail,afrr_activation_price,neg,high,real_bem_submitted_activation_price_neg_eur_per_mwh,realized_activation_price_neg; realized_afrr_activation_price_neg; afrr_activation_price_neg; real_act_price_neg; target_afrr_activation_price_vwap_neg; real_bem_submitted_activation_price_neg_eur_per_mwh; real_bcm_true_activation_price_neg; real_bcm_p50_executed_act_neg_price_eur_mwh,1699.2334465271051,74.0,11.0,18811.022731657686,0.0,-18811.022731657686,0.17967142201863237,-85885.77612657662,available_daily_overlap
TFT,p30,aFRR activation rate + high tail,afrr_activation_rate,pos,high,da_precommit_da_settlement_equiv_replay_act_pos_rate,realized_activation_rate_pos; realized_afrr_activation_rate_pos; afrr_activation_rate_pos; act_pos_rate; real_act_rate_pos; target_afrr_activation_rate_pos; da_precommit_da_settlement_equiv_replay_act_pos_rate,0.004694736341386475,72.0,20.0,30500.42901712359,0.0,-30500.42901712359,0.2913215050483347,-74196.36984111072,available_daily_overlap
TFT,p30,aFRR activation rate - high tail,afrr_activation_rate,neg,high,da_precommit_da_settlement_equiv_replay_act_neg_rate,realized_activation_rate_neg; realized_afrr_activation_rate_neg; afrr_activation_rate_neg; act_neg_rate; real_act_rate_neg; target_afrr_activation_rate_neg; da_precommit_da_settlement_equiv_replay_act_neg_rate,0.004579405077721738,72.0,13.0,23836.85954375854,0.0,-23836.85954375854,0.2276751515204879,-80859.93931447578,available_daily_overlap
TFT,p50,DA price high tail,da_price,none,high,,realized_da_price_eur_per_mwh; da_price; price_da; target_da_price,,,,,,,,,missing_tail_column
TFT,p50,DA price low tail,da_price,none,low,,realized_da_price_eur_per_mwh; da_price; price_da; target_da_price,,,,,,,,,missing_tail_column
TFT,p50,aFRR capacity price + high tail,afrr_capacity_price,pos,high,real_bcm_settlement_capacity_price_resolved_pos_eur_per_mw_h,realized_capacity_price_pos; realized_afrr_capacity_price_pos; afrr_capacity_price_pos; capacity_price_pos; target_afrr_capacity_price_pos; real_bcm_settlement_capacity_price_resolved_pos_eur_per_mw_h,0.0,1463.0,62.0,98789.38149134135,0.0,-98789.38149134135,1.0,0.0,available_daily_overlap
TFT,p50,aFRR capacity price - high tail,afrr_capacity_price,neg,high,real_bcm_settlement_capacity_price_resolved_neg_eur_per_mw_h,realized_capacity_price_neg; realized_afrr_capacity_price_neg; afrr_capacity_price_neg; capacity_price_neg; target_afrr_capacity_price_neg; real_bcm_settlement_capacity_price_resolved_neg_eur_per_mw_h,0.0,1463.0,62.0,98789.38149134135,0.0,-98789.38149134135,1.0,0.0,available_daily_overlap
TFT,p50,aFRR activation price + high tail,afrr_activation_price,pos,high,real_bem_submitted_activation_price_pos_eur_per_mwh,realized_activation_price_pos; realized_afrr_activation_price_pos; afrr_activation_price_pos; real_act_price_pos; target_afrr_activation_price_vwap_pos; real_bem_submitted_activation_price_pos_eur_per_mwh; real_bcm_true_activation_price_pos; real_bcm_p50_executed_act_pos_price_eur_mwh,1920.5459335541411,74.0,9.0,18035.820874808163,0.0,-18035.820874808163,0.18256841578048505,-80753.56061653318,available_daily_overlap
TFT,p50,aFRR activation price - high tail,afrr_activation_price,neg,high,real_bem_submitted_activation_price_neg_eur_per_mwh,realized_activation_price_neg; realized_afrr_activation_price_neg; afrr_activation_price_neg; real_act_price_neg; target_afrr_activation_price_vwap_neg; real_bem_submitted_activation_price_neg_eur_per_mwh; real_bcm_true_activation_price_neg; real_bcm_p50_executed_act_neg_price_eur_mwh,1692.3808808571337,74.0,14.0,26283.260040977104,0.0,-26283.260040977104,0.26605349324189026,-72506.12145036424,available_daily_overlap
TFT,p50,aFRR activation rate + high tail,afrr_activation_rate,pos,high,da_precommit_da_settlement_equiv_replay_act_pos_rate,realized_activation_rate_pos; realized_afrr_activation_rate_pos; afrr_activation_rate_pos; act_pos_rate; real_act_rate_pos; target_afrr_activation_rate_pos; da_precommit_da_settlement_equiv_replay_act_pos_rate,0.005228952586091497,72.0,20.0,36109.12915681115,0.0,-36109.12915681115,0.3655162995425376,-62680.2523345302,available_daily_overlap
TFT,p50,aFRR activation rate - high tail,afrr_activation_rate,neg,high,da_precommit_da_settlement_equiv_replay_act_neg_rate,realized_activation_rate_neg; realized_afrr_activation_rate_neg; afrr_activation_rate_neg; act_neg_rate; real_act_rate_neg; target_afrr_activation_rate_neg; da_precommit_da_settlement_equiv_replay_act_neg_rate,0.004579081210296416,72.0,14.0,24485.277081857486,0.0,-24485.277081857486,0.24785332909492466,-74304.10440948387,available_daily_overlap
TFT,p70,DA price high tail,da_price,none,high,,realized_da_price_eur_per_mwh; da_price; price_da; target_da_price,,,,,,,,,missing_tail_column
TFT,p70,DA price low tail,da_price,none,low,,realized_da_price_eur_per_mwh; da_price; price_da; target_da_price,,,,,,,,,missing_tail_column
TFT,p70,aFRR capacity price + high tail,afrr_capacity_price,pos,high,real_bcm_settlement_capacity_price_resolved_pos_eur_per_mw_h,realized_capacity_price_pos; realized_afrr_capacity_price_pos; afrr_capacity_price_pos; capacity_price_pos; target_afrr_capacity_price_pos; real_bcm_settlement_capacity_price_resolved_pos_eur_per_mw_h,0.0,1463.0,62.0,100385.7709921331,0.0,-100385.7709921331,1.0,0.0,available_daily_overlap
TFT,p70,aFRR capacity price - high tail,afrr_capacity_price,neg,high,real_bcm_settlement_capacity_price_resolved_neg_eur_per_mw_h,realized_capacity_price_neg; realized_afrr_capacity_price_neg; afrr_capacity_price_neg; capacity_price_neg; target_afrr_capacity_price_neg; real_bcm_settlement_capacity_price_resolved_neg_eur_per_mw_h,0.0,1463.0,62.0,100385.7709921331,0.0,-100385.7709921331,1.0,0.0,available_daily_overlap
TFT,p70,aFRR activation price + high tail,afrr_activation_price,pos,high,real_bem_submitted_activation_price_pos_eur_per_mwh,realized_activation_price_pos; realized_afrr_activation_price_pos; afrr_activation_price_pos; real_act_price_pos; target_afrr_activation_price_vwap_pos; real_bem_submitted_activation_price_pos_eur_per_mwh; real_bcm_true_activation_price_pos; real_bcm_p50_executed_act_pos_price_eur_mwh,1974.6342066108484,74.0,8.0,20929.305798105448,0.0,-20929.305798105448,0.20848876878921027,-79456.46519402765,available_daily_overlap
TFT,p70,aFRR activation price - high tail,afrr_activation_price,neg,high,real_bem_submitted_activation_price_neg_eur_per_mwh,realized_activation_price_neg; realized_afrr_activation_price_neg; afrr_activation_price_neg; real_act_price_neg; target_afrr_activation_price_vwap_neg; real_bem_submitted_activation_price_neg_eur_per_mwh; real_bcm_true_activation_price_neg; real_bcm_p50_executed_act_neg_price_eur_mwh,1693.165053897382,74.0,13.0,25536.286747529262,0.0,-25536.286747529262,0.254381537295066,-74849.48424460384,available_daily_overlap
TFT,p70,aFRR activation rate + high tail,afrr_activation_rate,pos,high,da_precommit_da_settlement_equiv_replay_act_pos_rate,realized_activation_rate_pos; realized_afrr_activation_rate_pos; afrr_activation_rate_pos; act_pos_rate; real_act_rate_pos; target_afrr_activation_rate_pos; da_precommit_da_settlement_equiv_replay_act_pos_rate,0.005041386454738119,72.0,19.0,36205.58554529863,0.0,-36205.58554529863,0.36066451636991403,-64180.18544683447,available_daily_overlap
TFT,p70,aFRR activation rate - high tail,afrr_activation_rate,neg,high,da_precommit_da_settlement_equiv_replay_act_neg_rate,realized_activation_rate_neg; realized_afrr_activation_rate_neg; afrr_activation_rate_neg; act_neg_rate; real_act_rate_neg; target_afrr_activation_rate_neg; da_precommit_da_settlement_equiv_replay_act_neg_rate,0.004415093454055303,72.0,14.0,28681.84009471713,0.0,-28681.84009471713,0.2857161907633785,-71703.93089741596,available_daily_overlap
TFT,p90,DA price high tail,da_price,none,high,,realized_da_price_eur_per_mwh; da_price; price_da; target_da_price,,,,,,,,,missing_tail_column
TFT,p90,DA price low tail,da_price,none,low,,realized_da_price_eur_per_mwh; da_price; price_da; target_da_price,,,,,,,,,missing_tail_column
TFT,p90,aFRR capacity price + high tail,afrr_capacity_price,pos,high,real_bcm_settlement_capacity_price_resolved_pos_eur_per_mw_h,realized_capacity_price_pos; realized_afrr_capacity_price_pos; afrr_capacity_price_pos; capacity_price_pos; target_afrr_capacity_price_pos; real_bcm_settlement_capacity_price_resolved_pos_eur_per_mw_h,0.0,1463.0,62.0,148543.6503339647,0.0,-148543.6503339647,1.0,0.0,available_daily_overlap
TFT,p90,aFRR capacity price - high tail,afrr_capacity_price,neg,high,real_bcm_settlement_capacity_price_resolved_neg_eur_per_mw_h,realized_capacity_price_neg; realized_afrr_capacity_price_neg; afrr_capacity_price_neg; capacity_price_neg; target_afrr_capacity_price_neg; real_bcm_settlement_capacity_price_resolved_neg_eur_per_mw_h,0.0,1463.0,62.0,148543.6503339647,0.0,-148543.6503339647,1.0,0.0,available_daily_overlap
TFT,p90,aFRR activation price + high tail,afrr_activation_price,pos,high,real_bem_submitted_activation_price_pos_eur_per_mwh,realized_activation_price_pos; realized_afrr_activation_price_pos; afrr_activation_price_pos; real_act_price_pos; target_afrr_activation_price_vwap_pos; real_bem_submitted_activation_price_pos_eur_per_mwh; real_bcm_true_activation_price_pos; real_bcm_p50_executed_act_pos_price_eur_mwh,1978.302164905593,74.0,8.0,19337.168624637015,0.0,-19337.168624637015,0.1301783588942512,-129206.4817093277,available_daily_overlap
TFT,p90,aFRR activation price - high tail,afrr_activation_price,neg,high,real_bem_submitted_activation_price_neg_eur_per_mwh,realized_activation_price_neg; realized_afrr_activation_price_neg; afrr_activation_price_neg; real_act_price_neg; target_afrr_activation_price_vwap_neg; real_bem_submitted_activation_price_neg_eur_per_mwh; real_bcm_true_activation_price_neg; real_bcm_p50_executed_act_neg_price_eur_mwh,1722.8579212132684,74.0,16.0,61713.180951049086,0.0,-61713.180951049086,0.41545485661825216,-86830.46938291562,available_daily_overlap
TFT,p90,aFRR activation rate + high tail,afrr_activation_rate,pos,high,da_precommit_da_settlement_equiv_replay_act_pos_rate,realized_activation_rate_pos; realized_afrr_activation_rate_pos; afrr_activation_rate_pos; act_pos_rate; real_act_rate_pos; target_afrr_activation_rate_pos; da_precommit_da_settlement_equiv_replay_act_pos_rate,0.005388946307263709,72.0,20.0,37535.79222254489,0.0,-37535.79222254489,0.25269200089101546,-111007.8581114198,available_daily_overlap
TFT,p90,aFRR activation rate - high tail,afrr_activation_rate,neg,high,da_precommit_da_settlement_equiv_replay_act_neg_rate,realized_activation_rate_neg; realized_afrr_activation_rate_neg; afrr_activation_rate_neg; act_neg_rate; real_act_rate_neg; target_afrr_activation_rate_neg; da_precommit_da_settlement_equiv_replay_act_neg_rate,0.004625312854524516,72.0,13.0,61087.01352665383,0.0,-61087.01352665383,0.41123948004047534,-87456.63680731088,available_daily_overlap
XGB,p10,DA price high tail,da_price,none,high,,realized_da_price_eur_per_mwh; da_price; price_da; target_da_price,,,,,,,,,missing_tail_column
XGB,p10,DA price low tail,da_price,none,low,,realized_da_price_eur_per_mwh; da_price; price_da; target_da_price,,,,,,,,,missing_tail_column
XGB,p10,aFRR capacity price + high tail,afrr_capacity_price,pos,high,real_bcm_settlement_capacity_price_resolved_pos_eur_per_mw_h,realized_capacity_price_pos; realized_afrr_capacity_price_pos; afrr_capacity_price_pos; capacity_price_pos; target_afrr_capacity_price_pos; real_bcm_settlement_capacity_price_resolved_pos_eur_per_mw_h,5.190061935424805,76.0,12.0,25306.877569749384,0.0,-25306.877569749384,0.2343558641898189,-82677.94993707085,available_daily_overlap
XGB,p10,aFRR capacity price - high tail,afrr_capacity_price,neg,high,real_bcm_settlement_capacity_price_resolved_neg_eur_per_mw_h,realized_capacity_price_neg; realized_afrr_capacity_price_neg; afrr_capacity_price_neg; capacity_price_neg; target_afrr_capacity_price_neg; real_bcm_settlement_capacity_price_resolved_neg_eur_per_mw_h,10.062344078063965,76.0,17.0,36753.17757354257,0.0,-36753.17757354257,0.34035501488596875,-71231.64993327766,available_daily_overlap
XGB,p10,aFRR activation price + high tail,afrr_activation_price,pos,high,real_bem_submitted_activation_price_pos_eur_per_mwh,realized_activation_price_pos; realized_afrr_activation_price_pos; afrr_activation_price_pos; real_act_price_pos; target_afrr_activation_price_vwap_pos; real_bem_submitted_activation_price_pos_eur_per_mwh; real_bcm_true_activation_price_pos; real_bcm_p50_executed_act_pos_price_eur_mwh,1663.8652452499766,74.0,20.0,44702.496872490905,0.0,-44702.496872490905,0.41397016511108964,-63282.33063432933,available_daily_overlap
XGB,p10,aFRR activation price - high tail,afrr_activation_price,neg,high,real_bem_submitted_activation_price_neg_eur_per_mwh,realized_activation_price_neg; realized_afrr_activation_price_neg; afrr_activation_price_neg; real_act_price_neg; target_afrr_activation_price_vwap_neg; real_bem_submitted_activation_price_neg_eur_per_mwh; real_bcm_true_activation_price_neg; real_bcm_p50_executed_act_neg_price_eur_mwh,1776.1104951691939,74.0,24.0,56599.24702105263,0.0,-56599.24702105263,0.5241407365074308,-51385.580485767605,available_daily_overlap
XGB,p10,aFRR activation rate + high tail,afrr_activation_rate,pos,high,da_precommit_da_settlement_equiv_replay_act_pos_rate,realized_activation_rate_pos; realized_afrr_activation_rate_pos; afrr_activation_rate_pos; act_pos_rate; real_act_rate_pos; target_afrr_activation_rate_pos; da_precommit_da_settlement_equiv_replay_act_pos_rate,0.007166483805603569,72.0,29.0,58461.695669580105,0.0,-58461.695669580105,0.5413880544087336,-49523.13183724013,available_daily_overlap
XGB,p10,aFRR activation rate - high tail,afrr_activation_rate,neg,high,da_precommit_da_settlement_equiv_replay_act_neg_rate,realized_activation_rate_neg; realized_afrr_activation_rate_neg; afrr_activation_rate_neg; act_neg_rate; real_act_rate_neg; target_afrr_activation_rate_neg; da_precommit_da_settlement_equiv_replay_act_neg_rate,0.005976419860624376,72.0,27.0,57467.83182713725,0.0,-57467.83182713725,0.532184318426657,-50516.99567968299,available_daily_overlap
XGB,p30,DA price high tail,da_price,none,high,,realized_da_price_eur_per_mwh; da_price; price_da; target_da_price,,,,,,,,,missing_tail_column
XGB,p30,DA price low tail,da_price,none,low,,realized_da_price_eur_per_mwh; da_price; price_da; target_da_price,,,,,,,,,missing_tail_column
XGB,p30,aFRR capacity price + high tail,afrr_capacity_price,pos,high,real_bcm_settlement_capacity_price_resolved_pos_eur_per_mw_h,realized_capacity_price_pos; realized_afrr_capacity_price_pos; afrr_capacity_price_pos; capacity_price_pos; target_afrr_capacity_price_pos; real_bcm_settlement_capacity_price_resolved_pos_eur_per_mw_h,7.524242671966552,76.0,10.0,50100.27199498096,0.0,-50100.27199498096,0.35293636961502395,-91852.43197154239,available_daily_overlap
XGB,p30,aFRR capacity price - high tail,afrr_capacity_price,neg,high,real_bcm_settlement_capacity_price_resolved_neg_eur_per_mw_h,realized_capacity_price_neg; realized_afrr_capacity_price_neg; afrr_capacity_price_neg; capacity_price_neg; target_afrr_capacity_price_neg; real_bcm_settlement_capacity_price_resolved_neg_eur_per_mw_h,20.92437259864807,76.0,11.0,55045.56164006031,0.0,-55045.56164006031,0.3877739564090423,-86907.14232646304,available_daily_overlap
XGB,p30,aFRR activation price + high tail,afrr_activation_price,pos,high,real_bem_submitted_activation_price_pos_eur_per_mwh,realized_activation_price_pos; realized_afrr_activation_price_pos; afrr_activation_price_pos; real_act_price_pos; target_afrr_activation_price_vwap_pos; real_bem_submitted_activation_price_pos_eur_per_mwh; real_bcm_true_activation_price_pos; real_bcm_p50_executed_act_pos_price_eur_mwh,1751.2029903114158,74.0,20.0,67664.7260627348,0.0,-67664.7260627348,0.47667092046863824,-74287.97790378855,available_daily_overlap
XGB,p30,aFRR activation price - high tail,afrr_activation_price,neg,high,real_bem_submitted_activation_price_neg_eur_per_mwh,realized_activation_price_neg; realized_afrr_activation_price_neg; afrr_activation_price_neg; real_act_price_neg; target_afrr_activation_price_vwap_neg; real_bem_submitted_activation_price_neg_eur_per_mwh; real_bcm_true_activation_price_neg; real_bcm_p50_executed_act_neg_price_eur_mwh,1807.0418571308544,74.0,25.0,70970.83651520782,0.0,-70970.83651520782,0.49996114573446127,-70981.86745131553,available_daily_overlap
XGB,p30,aFRR activation rate + high tail,afrr_activation_rate,pos,high,da_precommit_da_settlement_equiv_replay_act_pos_rate,realized_activation_rate_pos; realized_afrr_activation_rate_pos; afrr_activation_rate_pos; act_pos_rate; real_act_rate_pos; target_afrr_activation_rate_pos; da_precommit_da_settlement_equiv_replay_act_pos_rate,0.007214252364910429,72.0,36.0,79816.15761335263,0.0,-79816.15761335263,0.5622728935982483,-62136.54635317072,available_daily_overlap
XGB,p30,aFRR activation rate - high tail,afrr_activation_rate,neg,high,da_precommit_da_settlement_equiv_replay_act_neg_rate,realized_activation_rate_neg; realized_afrr_activation_rate_neg; afrr_activation_rate_neg; act_neg_rate; real_act_rate_neg; target_afrr_activation_rate_neg; da_precommit_da_settlement_equiv_replay_act_neg_rate,0.006160105450206104,72.0,32.0,72726.05334151287,0.0,-72726.05334151287,0.5123259459620003,-69226.65062501047,available_daily_overlap
XGB,p50,DA price high tail,da_price,none,high,,realized_da_price_eur_per_mwh; da_price; price_da; target_da_price,,,,,,,,,missing_tail_column
XGB,p50,DA price low tail,da_price,none,low,,realized_da_price_eur_per_mwh; da_price; price_da; target_da_price,,,,,,,,,missing_tail_column
XGB,p50,aFRR capacity price + high tail,afrr_capacity_price,pos,high,real_bcm_settlement_capacity_price_resolved_pos_eur_per_mw_h,realized_capacity_price_pos; realized_afrr_capacity_price_pos; afrr_capacity_price_pos; capacity_price_pos; target_afrr_capacity_price_pos; real_bcm_settlement_capacity_price_resolved_pos_eur_per_mw_h,0.0,1463.0,62.0,136497.90846693117,0.0,-136497.90846693117,1.0,0.0,available_daily_overlap
XGB,p50,aFRR capacity price - high tail,afrr_capacity_price,neg,high,real_bcm_settlement_capacity_price_resolved_neg_eur_per_mw_h,realized_capacity_price_neg; realized_afrr_capacity_price_neg; afrr_capacity_price_neg; capacity_price_neg; target_afrr_capacity_price_neg; real_bcm_settlement_capacity_price_resolved_neg_eur_per_mw_h,2.7658138275146484,76.0,7.0,45545.72677357494,0.0,-45545.72677357494,0.333673440751725,-90952.18169335622,available_daily_overlap
XGB,p50,aFRR activation price + high tail,afrr_activation_price,pos,high,real_bem_submitted_activation_price_pos_eur_per_mwh,realized_activation_price_pos; realized_afrr_activation_price_pos; afrr_activation_price_pos; real_act_price_pos; target_afrr_activation_price_vwap_pos; real_bem_submitted_activation_price_pos_eur_per_mwh; real_bcm_true_activation_price_pos; real_bcm_p50_executed_act_pos_price_eur_mwh,1675.122436865913,74.0,22.0,68015.37228187182,0.0,-68015.37228187182,0.4982887506906353,-68482.53618505935,available_daily_overlap
XGB,p50,aFRR activation price - high tail,afrr_activation_price,neg,high,real_bem_submitted_activation_price_neg_eur_per_mwh,realized_activation_price_neg; realized_afrr_activation_price_neg; afrr_activation_price_neg; real_act_price_neg; target_afrr_activation_price_vwap_neg; real_bem_submitted_activation_price_neg_eur_per_mwh; real_bcm_true_activation_price_neg; real_bcm_p50_executed_act_neg_price_eur_mwh,1811.997387861583,74.0,27.0,83068.52094441283,0.0,-83068.52094441283,0.6085699178646208,-53429.387522518344,available_daily_overlap
XGB,p50,aFRR activation rate + high tail,afrr_activation_rate,pos,high,da_precommit_da_settlement_equiv_replay_act_pos_rate,realized_activation_rate_pos; realized_afrr_activation_rate_pos; afrr_activation_rate_pos; act_pos_rate; real_act_rate_pos; target_afrr_activation_rate_pos; da_precommit_da_settlement_equiv_replay_act_pos_rate,0.0074015943734862255,72.0,37.0,81873.1790432345,0.0,-81873.1790432345,0.5998127001562783,-54624.72942369667,available_daily_overlap
XGB,p50,aFRR activation rate - high tail,afrr_activation_rate,neg,high,da_precommit_da_settlement_equiv_replay_act_neg_rate,realized_activation_rate_neg; realized_afrr_activation_rate_neg; afrr_activation_rate_neg; act_neg_rate; real_act_rate_neg; target_afrr_activation_rate_neg; da_precommit_da_settlement_equiv_replay_act_neg_rate,0.006246192648202779,72.0,31.0,74135.35413271007,0.0,-74135.35413271007,0.5431244695640927,-62362.5543342211,available_daily_overlap
XGB,p70,DA price high tail,da_price,none,high,,realized_da_price_eur_per_mwh; da_price; price_da; target_da_price,,,,,,,,,missing_tail_column
XGB,p70,DA price low tail,da_price,none,low,,realized_da_price_eur_per_mwh; da_price; price_da; target_da_price,,,,,,,,,missing_tail_column
XGB,p70,aFRR capacity price + high tail,afrr_capacity_price,pos,high,real_bcm_settlement_capacity_price_resolved_pos_eur_per_mw_h,realized_capacity_price_pos; realized_afrr_capacity_price_pos; afrr_capacity_price_pos; capacity_price_pos; target_afrr_capacity_price_pos; real_bcm_settlement_capacity_price_resolved_pos_eur_per_mw_h,0.0,1463.0,62.0,123361.1690365229,0.0,-123361.1690365229,1.0,0.0,available_daily_overlap
XGB,p70,aFRR capacity price - high tail,afrr_capacity_price,neg,high,real_bcm_settlement_capacity_price_resolved_neg_eur_per_mw_h,realized_capacity_price_neg; realized_afrr_capacity_price_neg; afrr_capacity_price_neg; capacity_price_neg; target_afrr_capacity_price_neg; real_bcm_settlement_capacity_price_resolved_neg_eur_per_mw_h,0.0,1463.0,62.0,123361.1690365229,0.0,-123361.1690365229,1.0,0.0,available_daily_overlap
XGB,p70,aFRR activation price + high tail,afrr_activation_price,pos,high,real_bem_submitted_activation_price_pos_eur_per_mwh,realized_activation_price_pos; realized_afrr_activation_price_pos; afrr_activation_price_pos; real_act_price_pos; target_afrr_activation_price_vwap_pos; real_bem_submitted_activation_price_pos_eur_per_mwh; real_bcm_true_activation_price_pos; real_bcm_p50_executed_act_pos_price_eur_mwh,1684.37955935957,74.0,22.0,65163.41578924646,0.0,-65163.41578924646,0.5282328004686293,-58197.75324727644,available_daily_overlap
XGB,p70,aFRR activation price - high tail,afrr_activation_price,neg,high,real_bem_submitted_activation_price_neg_eur_per_mwh,realized_activation_price_neg; realized_afrr_activation_price_neg; afrr_activation_price_neg; real_act_price_neg; target_afrr_activation_price_vwap_neg; real_bem_submitted_activation_price_neg_eur_per_mwh; real_bcm_true_activation_price_neg; real_bcm_p50_executed_act_neg_price_eur_mwh,1808.341939553105,74.0,27.0,59023.23206665642,0.0,-59023.23206665642,0.4784587607886702,-64337.93696986648,available_daily_overlap
XGB,p70,aFRR activation rate + high tail,afrr_activation_rate,pos,high,da_precommit_da_settlement_equiv_replay_act_pos_rate,realized_activation_rate_pos; realized_afrr_activation_rate_pos; afrr_activation_rate_pos; act_pos_rate; real_act_rate_pos; target_afrr_activation_rate_pos; da_precommit_da_settlement_equiv_replay_act_pos_rate,0.007257106940350714,72.0,38.0,78518.43589205545,0.0,-78518.43589205545,0.6364923136291689,-44842.73314446745,available_daily_overlap
XGB,p70,aFRR activation rate - high tail,afrr_activation_rate,neg,high,da_precommit_da_settlement_equiv_replay_act_neg_rate,realized_activation_rate_neg; realized_afrr_activation_rate_neg; afrr_activation_rate_neg; act_neg_rate; real_act_rate_neg; target_afrr_activation_rate_neg; da_precommit_da_settlement_equiv_replay_act_neg_rate,0.006246192648202779,72.0,31.0,63721.13867806448,0.0,-63721.13867806448,0.5165413004411371,-59640.03035845842,available_daily_overlap
XGB,p90,DA price high tail,da_price,none,high,,realized_da_price_eur_per_mwh; da_price; price_da; target_da_price,,,,,,,,,missing_tail_column
XGB,p90,DA price low tail,da_price,none,low,,realized_da_price_eur_per_mwh; da_price; price_da; target_da_price,,,,,,,,,missing_tail_column
XGB,p90,aFRR capacity price + high tail,afrr_capacity_price,pos,high,real_bcm_settlement_capacity_price_resolved_pos_eur_per_mw_h,realized_capacity_price_pos; realized_afrr_capacity_price_pos; afrr_capacity_price_pos; capacity_price_pos; target_afrr_capacity_price_pos; real_bcm_settlement_capacity_price_resolved_pos_eur_per_mw_h,0.0,1463.0,62.0,142066.80734560467,0.0,-142066.80734560467,1.0,0.0,available_daily_overlap
XGB,p90,aFRR capacity price - high tail,afrr_capacity_price,neg,high,real_bcm_settlement_capacity_price_resolved_neg_eur_per_mw_h,realized_capacity_price_neg; realized_afrr_capacity_price_neg; afrr_capacity_price_neg; capacity_price_neg; target_afrr_capacity_price_neg; real_bcm_settlement_capacity_price_resolved_neg_eur_per_mw_h,0.0,1463.0,62.0,142066.80734560467,0.0,-142066.80734560467,1.0,0.0,available_daily_overlap
XGB,p90,aFRR activation price + high tail,afrr_activation_price,pos,high,real_bem_submitted_activation_price_pos_eur_per_mwh,realized_activation_price_pos; realized_afrr_activation_price_pos; afrr_activation_price_pos; real_act_price_pos; target_afrr_activation_price_vwap_pos; real_bem_submitted_activation_price_pos_eur_per_mwh; real_bcm_true_activation_price_pos; real_bcm_p50_executed_act_pos_price_eur_mwh,1723.97201184188,74.0,21.0,65378.724854442225,0.0,-65378.724854442225,0.4601970444468142,-76688.08249116244,available_daily_overlap
XGB,p90,aFRR activation price - high tail,afrr_activation_price,neg,high,real_bem_submitted_activation_price_neg_eur_per_mwh,realized_activation_price_neg; realized_afrr_activation_price_neg; afrr_activation_price_neg; real_act_price_neg; target_afrr_activation_price_vwap_neg; real_bem_submitted_activation_price_neg_eur_per_mwh; real_bcm_true_activation_price_neg; real_bcm_p50_executed_act_neg_price_eur_mwh,1798.5355769794544,74.0,28.0,86093.42888966437,0.0,-86093.42888966437,0.6060066422146423,-55973.3784559403,available_daily_overlap
XGB,p90,aFRR activation rate + high tail,afrr_activation_rate,pos,high,da_precommit_da_settlement_equiv_replay_act_pos_rate,realized_activation_rate_pos; realized_afrr_activation_rate_pos; afrr_activation_rate_pos; act_pos_rate; real_act_rate_pos; target_afrr_activation_rate_pos; da_precommit_da_settlement_equiv_replay_act_pos_rate,0.007206650956622546,72.0,36.0,90677.06252013476,0.0,-90677.06252013476,0.6382705729392896,-51389.74482546991,available_daily_overlap
XGB,p90,aFRR activation rate - high tail,afrr_activation_rate,neg,high,da_precommit_da_settlement_equiv_replay_act_neg_rate,realized_activation_rate_neg; realized_afrr_activation_rate_neg; afrr_activation_rate_neg; act_neg_rate; real_act_rate_neg; target_afrr_activation_rate_neg; da_precommit_da_settlement_equiv_replay_act_neg_rate,0.006149656267032626,72.0,30.0,70393.58429149534,0.0,-70393.58429149534,0.49549634856120534,-71673.22305410933,available_daily_overlap
